{
    "name": "root",
    "metadata": {
        "timer_format_version": "0.1.0",
        "start_time_seconds": "1663613399",
        "python_version": "3.7.0 (v3.7.0:1bf9cc5093, Jun 26 2018, 23:26:24) \n[Clang 6.0 (clang-600.0.57)]",
        "command_line_arguments": "/Users/lukasprochazka/Vr Car Racing/venv/bin/mlagents-learn config/CarDriver.yaml --run-id=eightrun --resume",
        "mlagents_version": "0.28.0",
        "mlagents_envs_version": "0.28.0",
        "communication_protocol_version": "1.5.0",
        "pytorch_version": "1.8.1",
        "numpy_version": "1.21.6",
        "end_time_seconds": "1663613410"
    },
    "total": 10.02540175,
    "count": 1,
    "self": 0.015554209000001151,
    "children": {
        "run_training.setup": {
            "total": 0.01688724999999991,
            "count": 1,
            "self": 0.01688724999999991
        },
        "TrainerController.start_learning": {
            "total": 9.992960291,
            "count": 1,
            "self": 7.154199999881428e-05,
            "children": {
                "TrainerController._reset_env": {
                    "total": 9.848780292,
                    "count": 1,
                    "self": 5.174584042000001,
                    "children": {
                        "demo_to_buffer": {
                            "total": 4.67419625,
                            "count": 2,
                            "self": 0.02499254099999959,
                            "children": {
                                "load_demonstration": {
                                    "total": 1.5262404590000003,
                                    "count": 2,
                                    "self": 1.524889667000001,
                                    "children": {
                                        "read_file": {
                                            "total": 0.0013507919999993234,
                                            "count": 2,
                                            "self": 0.0013507919999993234
                                        }
                                    }
                                },
                                "make_demo_buffer": {
                                    "total": 3.1229632499999997,
                                    "count": 2,
                                    "self": 0.3971677840000467,
                                    "children": {
                                        "steps_from_proto": {
                                            "total": 2.725795465999953,
                                            "count": 19400,
                                            "self": 1.6487072859998193,
                                            "children": {
                                                "_process_rank_one_or_two_observation": {
                                                    "total": 1.0770881800001337,
                                                    "count": 77600,
                                                    "self": 1.0770881800001337
                                                }
                                            }
                                        }
                                    }
                                }
                            }
                        }
                    }
                },
                "trainer_threads": {
                    "total": 6.660000000380251e-07,
                    "count": 1,
                    "self": 6.660000000380251e-07
                },
                "TrainerController._save_models": {
                    "total": 0.1441077909999997,
                    "count": 1,
                    "self": 0.00026666599999991547,
                    "children": {
                        "RLTrainer._checkpoint": {
                            "total": 0.1438411249999998,
                            "count": 1,
                            "self": 0.1438411249999998
                        }
                    }
                }
            }
        }
    }
}