{
    "name": "root",
    "metadata": {
        "timer_format_version": "0.1.0",
        "start_time_seconds": "1663608405",
        "python_version": "3.7.0 (v3.7.0:1bf9cc5093, Jun 26 2018, 23:26:24) \n[Clang 6.0 (clang-600.0.57)]",
        "command_line_arguments": "/Users/lukasprochazka/Vr Car Racing/venv/bin/mlagents-learn config/CarDriver.yaml --run-id=sixthrun --resume",
        "mlagents_version": "0.28.0",
        "mlagents_envs_version": "0.28.0",
        "communication_protocol_version": "1.5.0",
        "pytorch_version": "1.8.1",
        "numpy_version": "1.21.6",
        "end_time_seconds": "1663608437"
    },
    "total": 31.996493042,
    "count": 1,
    "self": 0.008594126000001978,
    "children": {
        "run_training.setup": {
            "total": 0.021978708000000013,
            "count": 1,
            "self": 0.021978708000000013
        },
        "TrainerController.start_learning": {
            "total": 31.965920208,
            "count": 1,
            "self": 0.050443817000015656,
            "children": {
                "TrainerController._reset_env": {
                    "total": 9.571785584,
                    "count": 1,
                    "self": 4.708652834,
                    "children": {
                        "demo_to_buffer": {
                            "total": 4.863132750000001,
                            "count": 2,
                            "self": 0.02418270800000144,
                            "children": {
                                "load_demonstration": {
                                    "total": 1.638473125,
                                    "count": 2,
                                    "self": 1.6374651659999993,
                                    "children": {
                                        "read_file": {
                                            "total": 0.0010079590000007244,
                                            "count": 2,
                                            "self": 0.0010079590000007244
                                        }
                                    }
                                },
                                "make_demo_buffer": {
                                    "total": 3.2004769169999996,
                                    "count": 2,
                                    "self": 0.40733713600000243,
                                    "children": {
                                        "steps_from_proto": {
                                            "total": 2.793139780999997,
                                            "count": 19400,
                                            "self": 1.675667335999961,
                                            "children": {
                                                "_process_rank_one_or_two_observation": {
                                                    "total": 1.1174724450000362,
                                                    "count": 77600,
                                                    "self": 1.1174724450000362
                                                }
                                            }
                                        }
                                    }
                                }
                            }
                        }
                    }
                },
                "TrainerController.advance": {
                    "total": 22.206950723999984,
                    "count": 5087,
                    "self": 0.04743848300003961,
                    "children": {
                        "env_step": {
                            "total": 21.802617036000022,
                            "count": 5087,
                            "self": 18.569177098000118,
                            "children": {
                                "SubprocessEnvManager._take_step": {
                                    "total": 3.199626566000017,
                                    "count": 5087,
                                    "self": 0.11918610499997762,
                                    "children": {
                                        "TorchPolicy.evaluate": {
                                            "total": 3.0804404610000393,
                                            "count": 5087,
                                            "self": 0.6315388490000995,
                                            "children": {
                                                "TorchPolicy.sample_actions": {
                                                    "total": 2.44890161199994,
                                                    "count": 5087,
                                                    "self": 2.44890161199994
                                                }
                                            }
                                        }
                                    }
                                },
                                "workers": {
                                    "total": 0.03381337199988543,
                                    "count": 5086,
                                    "self": 0.0,
                                    "children": {
                                        "worker_root": {
                                            "total": 31.76911051900019,
                                            "count": 5086,
                                            "is_parallel": true,
                                            "self": 15.450243217000168,
                                            "children": {
                                                "run_training.setup": {
                                                    "total": 0.0,
                                                    "count": 0,
                                                    "is_parallel": true,
                                                    "self": 0.0,
                                                    "children": {
                                                        "steps_from_proto": {
                                                            "total": 0.004345458999999607,
                                                            "count": 1,
                                                            "is_parallel": true,
                                                            "self": 0.0018340849999987086,
                                                            "children": {
                                                                "_process_rank_one_or_two_observation": {
                                                                    "total": 0.002511374000000899,
                                                                    "count": 4,
                                                                    "is_parallel": true,
                                                                    "self": 0.002511374000000899
                                                                }
                                                            }
                                                        },
                                                        "UnityEnvironment.step": {
                                                            "total": 0.04107983299999951,
                                                            "count": 1,
                                                            "is_parallel": true,
                                                            "self": 9.42079999983747e-05,
                                                            "children": {
                                                                "UnityEnvironment._generate_step_input": {
                                                                    "total": 0.007314125000000615,
                                                                    "count": 1,