{
    "name": "root",
    "metadata": {
        "timer_format_version": "0.1.0",
        "start_time_seconds": "1663837993",
        "python_version": "3.7.0 (v3.7.0:1bf9cc5093, Jun 26 2018, 23:26:24) \n[Clang 6.0 (clang-600.0.57)]",
        "command_line_arguments": "/Users/lukasprochazka/Vr Car Racing/venv/bin/mlagents-learn config/Kart Agent.yaml --run-id=findcube --force",
        "mlagents_version": "0.28.0",
        "mlagents_envs_version": "0.28.0",
        "communication_protocol_version": "1.5.0",
        "pytorch_version": "1.8.1",
        "numpy_version": "1.21.6",
        "end_time_seconds": "1663838020"
    },
    "total": 27.199389417000003,
    "count": 1,
    "self": 0.014955416000002941,
    "children": {
        "run_training.setup": {
            "total": 0.015763541999999964,
            "count": 1,
            "self": 0.015763541999999964
        },
        "TrainerController.start_learning": {
            "total": 27.168670459,
            "count": 1,
            "self": 0.001311124999997304,
            "children": {
                "TrainerController._reset_env": {
                    "total": 6.110886000000001,
                    "count": 1,
                    "self": 6.110886000000001
                },
                "TrainerController.advance": {
                    "total": 20.903577209,
                    "count": 1,
                    "self": 0.00014704300000190074,
                    "children": {
                        "env_step": {
                            "total": 20.903430166,
                            "count": 1,
                            "self": 20.903425124,
                            "children": {
                                "SubprocessEnvManager._take_step": {
                                    "total": 5.041999999733093e-06,
                                    "count": 1,
                                    "self": 5.041999999733093e-06
                                }
                            }
                        }
                    }
                },
                "trainer_threads": {
                    "total": 7.745799999980818e-05,
                    "count": 1,
                    "self": 7.745799999980818e-05,
                    "children": {
                        "thread_root": {
                            "total": 0.0,
                            "count": 0,
                            "is_parallel": true,
                            "self": 0.0,
                            "children": {
                                "trainer_advance": {
                                    "total": 20.329796062999588,
                                    "count": 135477,
                                    "is_parallel": true,
                                    "self": 1.0471545149997432,
                                    "children": {
                                        "process_trajectory": {
                                            "total": 19.282641547999845,
                                            "count": 135477,
                                            "is_parallel": true,
                                            "self": 19.282641547999845
                                        }
                                    }
                                }
                            }
                        }
                    }
                },
                "TrainerController._save_models": {
                    "total": 0.1528186670000018,
                    "count": 1,
                    "self": 0.0019695010000013724,
                    "children": {
                        "RLTrainer._checkpoint": {
                            "total": 0.15084916600000042,
                            "count": 1,
                            "self": 0.15084916600000042
                        }
                    }
                }
            }
        }
    }
}