{
    "name": "root",
    "metadata": {
        "timer_format_version": "0.1.0",
        "start_time_seconds": "1663840282",
        "python_version": "3.7.0 (v3.7.0:1bf9cc5093, Jun 26 2018, 23:26:24) \n[Clang 6.0 (clang-600.0.57)]",
        "command_line_arguments": "/Users/lukasprochazka/Vr Car Racing/venv/bin/mlagents-learn config/CarDriver.yaml --run-id=slowrun --resume",
        "mlagents_version": "0.28.0",
        "mlagents_envs_version": "0.28.0",
        "communication_protocol_version": "1.5.0",
        "pytorch_version": "1.8.1",
        "numpy_version": "1.21.6",
        "end_time_seconds": "1663840310"
    },
    "total": 28.121719167,
    "count": 1,
    "self": 0.008301582999997947,
    "children": {
        "run_training.setup": {
            "total": 0.01665454199999994,
            "count": 1,
            "self": 0.01665454199999994
        },
        "TrainerController.start_learning": {
            "total": 28.096763042,
            "count": 1,
            "self": 0.016640535000085777,
            "children": {
                "TrainerController._reset_env": {
                    "total": 10.613807957999999,
                    "count": 1,
                    "self": 6.2384207909999985,
                    "children": {
                        "demo_to_buffer": {
                            "total": 4.375387167,
                            "count": 2,
                            "self": 0.022589167000001353,
                            "children": {
                                "load_demonstration": {
                                    "total": 1.4695987500000003,
                                    "count": 2,
                                    "self": 1.468435124,
                                    "children": {
                                        "read_file": {
                                            "total": 0.0011636260000003062,
                                            "count": 2,
                                            "self": 0.0011636260000003062
                                        }
                                    }
                                },
                                "make_demo_buffer": {
                                    "total": 2.8831992499999988,
                                    "count": 2,
                                    "self": 0.3692717930001237,
                                    "children": {
                                        "steps_from_proto": {
                                            "total": 2.513927456999875,
                                            "count": 18692,
                                            "self": 1.5884476599999076,
                                            "children": {
                                                "_process_rank_one_or_two_observation": {
                                                    "total": 0.9254797969999675,
                                                    "count": 74768,
                                                    "self": 0.9254797969999675
                                                }
                                            }
                                        }
                                    }
                                }
                            }
                        }
                    }
                },
                "TrainerController.advance": {
                    "total": 17.215916923999917,
                    "count": 1191,
                    "self": 0.013324602999858826,
                    "children": {
                        "env_step": {
                            "total": 16.663253291000032,
                            "count": 1191,
                            "self": 15.376568392000005,
                            "children": {
                                "SubprocessEnvManager._take_step": {
                                    "total": 1.2772274560000003,
                                    "count": 1191,
                                    "self": 0.03560152500000058,
                                    "children": {
                                        "TorchPolicy.evaluate": {
                                            "total": 1.2416259309999997,
                                            "count": 1191,
                                            "self": 0.19373006400003767,
                                            "children": {
                                                "TorchPolicy.sample_actions": {
                                                    "total": 1.047895866999962,
                                                    "count": 1191,
                                                    "self": 1.047895866999962
                                                }
                                            }
                                        }
                                    }
                                },
                                "workers": {
                                    "total": 0.009457443000027155,
                                    "count": 1190,
                                    "self": 0.0,
                                    "children": {
                                        "worker_root": {
                                            "total": 27.823537372999997,
                                            "count": 1190,
                                            "is_parallel": true,
                                            "self": 13.376067219999996,
                                            "children": {
                                                "run_training.setup": {
                                                    "total": 0.0,
                                                    "count": 0,
                                                    "is_parallel": true,
                                                    "self": 0.0,
                                                    "children": {
                                                        "steps_from_proto": {
                                                            "total": 0.0012122079999992152,
                                                            "count": 1,
                                                            "is_parallel": true,
                                                            "self": 0.0005121239999992255,
                                                            "children": {
                                                                "_process_rank_one_or_two_observation": {
                                                                    "total": 0.0007000839999999897,
                                                                    "count": 4,
                                                                    "is_parallel": true,
                                                                    "self": 0.0007000839999999897
                                                                }
                                                            }
                                                        },
                                                        "UnityEnvironment.step": {
                                                            "total": 0.04291204100000101,
                                                            "count": 1,
                                                            "is_parallel": true,
                                                            "self": 7.474900000126183e-05,
                                                            "children": {
                                                                "UnityEnvironment._generate_step_input": {
                                                                    "total": 0.0007066249999994056,
                                                                    "count": 1,